{"text": " Hi. Welcome to OZOL, a full service digital agency for all your creative and techniques. Sparkles. What can I help you with today? Smile.", "segments": [{"id": 0, "seek": 0, "start": 0.0, "end": 6.5600000000000005, "text": " Hi. Welcome to OZOL, a full service digital agency for all your creative and techniques.", "tokens": [50364, 2421, 13, 4027, 281, 422, 57, 5046, 11, 257, 1577, 2643, 4562, 7934, 337, 439, 428, 5880, 293, 7512, 13, 50692], "temperature": 0.0, "avg_logprob": -0.40760855925710576, "compression_ratio": 1.1322314049586777, "no_speech_prob": 0.0057306899689137936}, {"id": 1, "seek": 0, "start": 7.6000000000000005, "end": 11.84, "text": " Sparkles. What can I help you with today? Smile.", "tokens": [50744, 23424, 904, 13, 708, 393, 286, 854, 291, 365, 965, 30, 38499, 13, 50956], "temperature": 0.0, "avg_logprob": -0.40760855925710576, "compression_ratio": 1.1322314049586777, "no_speech_prob": 0.0057306899689137936}], "language": "en"}