{"text": " What is a zoll AI?", "segments": [{"id": 0, "seek": 0, "start": 0.0, "end": 11.1, "text": " What is a zoll AI?", "tokens": [50364, 708, 307, 257, 710, 1833, 7318, 30, 50919], "temperature": 1.0, "avg_logprob": -1.7493507385253906, "compression_ratio": 0.6923076923076923, "no_speech_prob": 0.09626711905002594}], "language": "en"}